{"cameraMode":{"drawMode":0,"name":"Shaded","section":"Shading Mode"},"sceneLighting":false,"audioPlay":false,"sceneViewState":{"showFog":true,"showMaterialUpdate":false,"showSkybox":true,"showFlares":true,"showImageEffects":true,"showParticleSystems":true},"in2DMode":false,"pivot":{"x":0.0,"y":-1.1920928955078126e-7,"z":2.934044122695923},"rotation":{"x":0.48209118843078616,"y":0.22607557475566865,"z":-0.1303136944770813,"w":0.8363589644432068},"size":2.857893466949463,"orthographic":false}