{"cameraMode":{"drawMode":0,"name":"Shaded","section":"Shading Mode"},"sceneLighting":false,"audioPlay":false,"sceneViewState":{"showFog":true,"showMaterialUpdate":false,"showSkybox":true,"showFlares":true,"showImageEffects":true,"showParticleSystems":true},"in2DMode":false,"pivot":{"x":-5.960464477539063e-8,"y":0.0,"z":11.829999923706055},"rotation":{"x":-0.024064047262072564,"y":0.9151750206947327,"z":-0.05526087060570717,"w":-0.39852461218833926},"size":2.857893943786621,"orthographic":false}