{"cameraMode":{"drawMode":0,"name":"Shaded","section":"Shading Mode"},"sceneLighting":false,"audioPlay":false,"sceneViewState":{"showFog":true,"showMaterialUpdate":false,"showSkybox":true,"showFlares":true,"showImageEffects":true,"showParticleSystems":true},"in2DMode":false,"pivot":{"x":0.0,"y":-0.000003814697265625,"z":33.70223617553711},"rotation":{"x":-0.655480682849884,"y":0.01019436027854681,"z":-0.00884953886270523,"w":-0.7550913691520691},"size":126.53075408935547,"orthographic":true}